,all,filtered_iqr,winsorized
mean,-0.0014342641042327112,-3.8565365015831675e-05,-0.00025094101500171896
median,-0.0001873224165654,-0.0001002859830564804,-0.0001873224165654
std,0.04057855367674394,0.009443065277619957,0.010623085304359391
