Age,Salary,Department,Experience
0.0,0.0,HR,0.0
0.19999999999999996,1.0,IT,0.36363636363636365
0.40000000000000013,0.5,Finance,0.1818181818181818
0.6000000000000001,0.6500000000000004,IT,0.8181818181818182
0.40000000000000013,0.8000000000000007,Finance,0.36363636363636365
1.0,0.6500000000000004,IT,0.9999999999999999
