Model,Accuracy,Precision,Recall,F1 Score,ROC AUC
Logistic Regression,0.8413361169102297,1.0,0.009771986970684038,0.01935483870967742,0.6732791727315609
Decision Tree,0.755741127348643,0.25970149253731345,0.28338762214983715,0.27102803738317754,0.5646273101426625
Random Forest,0.8376826722338204,0.3888888888888889,0.02280130293159609,0.043076923076923075,0.6575887262811182
